#datatype,string,long,dateTime:RFC3339,dateTime:RFC3339,dateTime:RFC3339,string,string,string,double
#group,false,false,true,true,false,true,true,false,false
#default,_result,,,,,,,,
,result,table,_start,_stop,_time,_measurement,_field,_tag,_value
,,0,1970-01-01T00:00:00Z,1970-01-01T20:00:00Z,1970-01-01T00:00:00Z,m,f,0,0.43528891048224544
,,0,1970-01-01T00:00:00Z,1970-01-01T20:00:00Z,1970-01-01T00:00:00Z,m,f,1,0.775541067607465
,,0,1970-01-01T00:00:00Z,1970-01-01T20:00:00Z,1970-01-01T00:00:00Z,m,f,2,0.3118628970340662
,,0,1970-01-01T00:00:00Z,1970-01-01T20:00:00Z,1970-01-01T00:00:00Z,m,f,3,0.9390289395648028
,,0,1970-01-01T00:00:00Z,1970-01-01T20:00:00Z,1970-01-01T00:00:00Z,m,f,4,0.3053916336466585
,,0,1970-01-01T00:00:00Z,1970-01-01T20:00:00Z,1970-01-01T00:00:00Z,m,f,5,0.7770383244299561
,,0,1970-01-01T00:00:00Z,1970-01-01T20:00:00Z,1970-01-01T00:00:00Z,m,f,6,0.5735534644300171
,,0,1970-01-01T00:00:00Z,1970-01-01T20:00:00Z,1970-01-01T00:00:00Z,m,f,7,0.8373370227704118
,,0,1970-01-01T00:00:00Z,1970-01-01T20:00:00Z,1970-01-01T00:00:00Z,m,f,8,0.5740985300233538
,,0,1970-01-01T00:00:00Z,1970-01-01T20:00:00Z,1970-01-01T00:00:00Z,m,f,9,0.7213277960473489
,,0,1970-01-01T00:00:00Z,1970-01-01T20:00:00Z,1970-01-01T00:00:00Z,m,f,a,0.1610847027150223
,,0,1970-01-01T00:00:00Z,1970-01-01T20:00:00Z,1970-01-01T00:00:00Z,m,f,b,0.4663720270368697
,,0,1970-01-01T00:00:00Z,1970-01-01T20:00:00Z,1970-01-01T00:00:00Z,m,f,c,0.9657626432695391
,,0,1970-01-01T00:00:00Z,1970-01-01T20:00:00Z,1970-01-01T00:00:00Z,m,f,d,0.12083623465112726
,,0,1970-01-01T00:00:00Z,1970-01-01T20:00:00Z,1970-01-01T00:00:00Z,m,f,e,0.8103569001734507
,,0,1970-01-01T00:00:00Z,1970-01-01T20:00:00Z,1970-01-01T01:00:00Z,m,f,0,0.7528381386233037
,,0,1970-01-01T00:00:00Z,1970-01-01T20:00:00Z,1970-01-01T01:00:00Z,m,f,1,0.07468591143682053
,,0,1970-01-01T00:00:00Z,1970-01-01T20:00:00Z,1970-01-01T01:00:00Z,m,f,2,0.4883366961316732
,,0,1970-01-01T00:00:00Z,1970-01-01T20:00:00Z,1970-01-01T01:00:00Z,m,f,3,0.1345110618752419
,,0,1970-01-01T00:00:00Z,1970-01-01T20:00:00Z,1970-01-01T01:00:00Z,m,f,4,0.384910490995247
,,0,1970-01-01T00:00:00Z,1970-01-01T20:00:00Z,1970-01-01T01:00:00Z,m,f,5,0.6314015711732547
,,0,1970-01-01T00:00:00Z,1970-01-01T20:00:00Z,1970-01-01T01:00:00Z,m,f,6,0.003481579673466077
,,0,1970-01-01T00:00:00Z,1970-01-01T20:00:00Z,1970-01-01T01:00:00Z,m,f,7,0.7622968303394152
,,0,1970-01-01T00:00:00Z,1970-01-01T20:00:00Z,1970-01-01T01:00:00Z,m,f,8,0.09572707335847332
,,0,1970-01-01T00:00:00Z,1970-01-01T20:00:00Z,1970-01-01T01:00:00Z,m,f,9,0.977998887539672
,,0,1970-01-01T00:00:00Z,1970-01-01T20:00:00Z,1970-01-01T01:00:00Z,m,f,a,0.9362420090773867
,,0,1970-01-01T00:00:00Z,1970-01-01T20:00:00Z,1970-01-01T01:00:00Z,m,f,b,0.8307219253042323
,,0,1970-01-01T00:00:00Z,1970-01-01T20:00:00Z,1970-01-01T01:00:00Z,m,f,c,0.7269750236987856
,,0,1970-01-01T00:00:00Z,1970-01-01T20:00:00Z,1970-01-01T01:00:00Z,m,f,d,0.34832851459892433
,,0,1970-01-01T00:00:00Z,1970-01-01T20:00:00Z,1970-01-01T01:00:00Z,m,f,e,0.2783222615044489
,,0,1970-01-01T00:00:00Z,1970-01-01T20:00:00Z,1970-01-01T02:00:00Z,m,f,0,0.9664944820324753
,,0,1970-01-01T00:00:00Z,1970-01-01T20:00:00Z,1970-01-01T02:00:00Z,m,f,1,0.770411533980011
,,0,1970-01-01T00:00:00Z,1970-01-01T20:00:00Z,1970-01-01T02:00:00Z,m,f,2,0.48927083512855296
,,0,1970-01-01T00:00:00Z,1970-01-01T20:00:00Z,1970-01-01T02:00:00Z,m,f,3,0.022235183310673354
,,0,1970-01-01T00:00:00Z,1970-01-01T20:00:00Z,1970-01-01T02:00:00Z,m,f,4,0.9916767050817936
,,0,1970-01-01T00:00:00Z,1970-01-01T20:00:00Z,1970-01-01T02:00:00Z,m,f,5,0.8261833475972136
,,0,1970-01-01T00:00:00Z,1970-01-01T20:00:00Z,1970-01-01T02:00:00Z,m,f,6,0.5425665879862436
,,0,1970-01-01T00:00:00Z,1970-01-01T20:00:00Z,1970-01-01T02:00:00Z,m,f,7,0.7415146338663032
,,0,1970-01-01T00:00:00Z,1970-01-01T20:00:00Z,1970-01-01T02:00:00Z,m,f,8,0.3115680021475778
,,0,1970-01-01T00:00:00Z,1970-01-01T20:00:00Z,1970-01-01T02:00:00Z,m,f,9,0.3653748595499701
,,0,1970-01-01T00:00:00Z,1970-01-01T20:00:00Z,1970-01-01T02:00:00Z,m,f,a,0.7005982596229232
,,0,1970-01-01T00:00:00Z,1970-01-01T20:00:00Z,1970-01-01T02:00:00Z,m,f,b,0.13108830666068413
,,0,1970-01-01T00:00:00Z,1970-01-01T20:00:00Z,1970-01-01T02:00:00Z,m,f,c,0.6279794026649039
,,0,1970-01-01T00:00:00Z,1970-01-01T20:00:00Z,1970-01-01T02:00:00Z,m,f,d,0.9606965429120893
,,0,1970-01-01T00:00:00Z,1970-01-01T20:00:00Z,1970-01-01T02:00:00Z,m,f,e,0.44104105071598815
,,0,1970-01-01T00:00:00Z,1970-01-01T20:00:00Z,1970-01-01T03:00:00Z,m,f,0,0.18119675245338202
,,0,1970-01-01T00:00:00Z,1970-01-01T20:00:00Z,1970-01-01T03:00:00Z,m,f,1,0.7127693896300491
,,0,1970-01-01T00:00:00Z,1970-01-01T20:00:00Z,1970-01-01T03:00:00Z,m,f,2,0.9772100114839123
,,0,1970-01-01T00:00:00Z,1970-01-01T20:00:00Z,1970-01-01T03:00:00Z,m,f,3,0.2715315575258991
,,0,1970-01-01T00:00:00Z,1970-01-01T20:00:00Z,1970-01-01T03:00:00Z,m,f,4,0.9611566640474363
,,0,1970-01-01T00:00:00Z,1970-01-01T20:00:00Z,1970-01-01T03:00:00Z,m,f,5,0.39873845130283614
,,0,1970-01-01T00:00:00Z,1970-01-01T20:00:00Z,1970-01-01T03:00:00Z,m,f,6,0.40282394581884545
,,0,1970-01-01T00:00:00Z,1970-01-01T20:00:00Z,1970-01-01T03:00:00Z,m,f,7,0.2599344533315983
,,0,1970-01-01T00:00:00Z,1970-01-01T20:00:00Z,1970-01-01T03:00:00Z,m,f,8,0.8092817626899159
,,0,1970-01-01T00:00:00Z,1970-01-01T20:00:00Z,1970-01-01T03:00:00Z,m,f,9,0.0985706809813783
,,0,1970-01-01T00:00:00Z,1970-01-01T20:00:00Z,1970-01-01T03:00:00Z,m,f,a,0.16017692269005346
,,0,1970-01-01T00:00:00Z,1970-01-01T20:00:00Z,1970-01-01T03:00:00Z,m,f,b,0.8800898898032652
,,0,1970-01-01T00:00:00Z,1970-01-01T20:00:00Z,1970-01-01T03:00:00Z,m,f,c,0.30440058457635816
,,0,1970-01-01T00:00:00Z,1970-01-01T20:00:00Z,1970-01-01T03:00:00Z,m,f,d,0.8958090857168458
,,0,1970-01-01T00:00:00Z,1970-01-01T20:00:00Z,1970-01-01T03:00:00Z,m,f,e,0.1421113562474393
,,0,1970-01-01T00:00:00Z,1970-01-01T20:00:00Z,1970-01-01T04:00:00Z,m,f,0,0.31823859015742334
,,0,1970-01-01T00:00:00Z,1970-01-01T20:00:00Z,1970-01-01T04:00:00Z,m,f,1,0.9652804105145628
,,0,1970-01-01T00:00:00Z,1970-01-01T20:00:00Z,1970-01-01T04:00:00Z,m,f,2,0.008948112570387504
,,0,1970-01-01T00:00:00Z,1970-01-01T20:00:00Z,1970-01-01T04:00:00Z,m,f,3,0.4704971344457939
,,0,1970-01-01T00:00:00Z,1970-01-01T20:00:00Z,1970-01-01T04:00:00Z,m,f,4,0.40742023336632865
,,0,1970-01-01T00:00:00Z,1970-01-01T20:00:00Z,1970-01-01T04:00:00Z,m,f,5,0.21005127625268
,,0,1970-01-01T00:00:00Z,1970-01-01T20:00:00Z,1970-01-01T04:00:00Z,m,f,6,0.5264791463010903
,,0,1970-01-01T00:00:00Z,1970-01-01T20:00:00Z,1970-01-01T04:00:00Z,m,f,7,0.01990608680177336
,,0,1970-01-01T00:00:00Z,1970-01-01T20:00:00Z,1970-01-01T04:00:00Z,m,f,8,0.516555216893366
,,0,1970-01-01T00:00:00Z,1970-01-01T20:00:00Z,1970-01-01T04:00:00Z,m,f,9,0.800376837778017
,,0,1970-01-01T00:00:00Z,1970-01-01T20:00:00Z,1970-01-01T04:00:00Z,m,f,a,0.08998093951880543
,,0,1970-01-01T00:00:00Z,1970-01-01T20:00:00Z,1970-01-01T04:00:00Z,m,f,b,0.9854509748911646
,,0,1970-01-01T00:00:00Z,1970-01-01T20:00:00Z,1970-01-01T04:00:00Z,m,f,c,0.5752518832717655
,,0,1970-01-01T00:00:00Z,1970-01-01T20:00:00Z,1970-01-01T04:00:00Z,m,f,d,0.6357294879761716
,,0,1970-01-01T00:00:00Z,1970-01-01T20:00:00Z,1970-01-01T04:00:00Z,m,f,e,0.6889024231113413
,,0,1970-01-01T00:00:00Z,1970-01-01T20:00:00Z,1970-01-01T05:00:00Z,m,f,0,0.6734888106589393
,,0,1970-01-01T00:00:00Z,1970-01-01T20:00:00Z,1970-01-01T05:00:00Z,m,f,1,0.21601525075267664
,,0,1970-01-01T00:00:00Z,1970-01-01T20:00:00Z,1970-01-01T05:00:00Z,m,f,2,0.87189779626253
,,0,1970-01-01T00:00:00Z,1970-01-01T20:00:00Z,1970-01-01T05:00:00Z,m,f,3,0.30757564534962445
,,0,1970-01-01T00:00:00Z,1970-01-01T20:00:00Z,1970-01-01T05:00:00Z,m,f,4,0.21408955114052203
,,0,1970-01-01T00:00:00Z,1970-01-01T20:00:00Z,1970-01-01T05:00:00Z,m,f,5,0.08333161862752259
,,0,1970-01-01T00:00:00Z,1970-01-01T20:00:00Z,1970-01-01T05:00:00Z,m,f,6,0.8753664815253145
,,0,1970-01-01T00:00:00Z,1970-01-01T20:00:00Z,1970-01-01T05:00:00Z,m,f,7,0.06090041216166779
,,0,1970-01-01T00:00:00Z,1970-01-01T20:00:00Z,1970-01-01T05:00:00Z,m,f,8,0.8730395310603207
,,0,1970-01-01T00:00:00Z,1970-01-01T20:00:00Z,1970-01-01T05:00:00Z,m,f,9,0.7418701762827239
,,0,1970-01-01T00:00:00Z,1970-01-01T20:00:00Z,1970-01-01T05:00:00Z,m,f,a,0.5760928166950294
,,0,1970-01-01T00:00:00Z,1970-01-01T20:00:00Z,1970-01-01T05:00:00Z,m,f,b,0.2285765081116587
,,0,1970-01-01T00:00:00Z,1970-01-01T20:00:00Z,1970-01-01T05:00:00Z,m,f,c,0.5103835479141011
,,0,1970-01-01T00:00:00Z,1970-01-01T20:00:00Z,1970-01-01T05:00:00Z,m,f,d,0.8121362671498854
,,0,1970-01-01T00:00:00Z,1970-01-01T20:00:00Z,1970-01-01T05:00:00Z,m,f,e,0.9265818485607807
,,0,1970-01-01T00:00:00Z,1970-01-01T20:00:00Z,1970-01-01T06:00:00Z,m,f,0,0.3812765349276539
,,0,1970-01-01T00:00:00Z,1970-01-01T20:00:00Z,1970-01-01T06:00:00Z,m,f,1,0.35056642527375786
,,0,1970-01-01T00:00:00Z,1970-01-01T20:00:00Z,1970-01-01T06:00:00Z,m,f,2,0.8516674560203089
,,0,1970-01-01T00:00:00Z,1970-01-01T20:00:00Z,1970-01-01T06:00:00Z,m,f,3,0.11862453271158643
,,0,1970-01-01T00:00:00Z,1970-01-01T20:00:00Z,1970-01-01T06:00:00Z,m,f,4,0.5359582564964857
,,0,1970-01-01T00:00:00Z,1970-01-01T20:00:00Z,1970-01-01T06:00:00Z,m,f,5,0.4507624806462484
,,0,1970-01-01T00:00:00Z,1970-01-01T20:00:00Z,1970-01-01T06:00:00Z,m,f,6,0.03382896642052827
,,0,1970-01-01T00:00:00Z,1970-01-01T20:00:00Z,1970-01-01T06:00:00Z,m,f,7,0.9609933910388232
,,0,1970-01-01T00:00:00Z,1970-01-01T20:00:00Z,1970-01-01T06:00:00Z,m,f,8,0.33011298778145665
,,0,1970-01-01T00:00:00Z,1970-01-01T20:00:00Z,1970-01-01T06:00:00Z,m,f,9,0.5182416536958824
,,0,1970-01-01T00:00:00Z,1970-01-01T20:00:00Z,1970-01-01T06:00:00Z,m,f,a,0.7956087228036139
,,0,1970-01-01T00:00:00Z,1970-01-01T20:00:00Z,1970-01-01T06:00:00Z,m,f,b,0.5188938935849448
,,0,1970-01-01T00:00:00Z,1970-01-01T20:00:00Z,1970-01-01T06:00:00Z,m,f,c,0.21971222893565026
,,0,1970-01-01T00:00:00Z,1970-01-01T20:00:00Z,1970-01-01T06:00:00Z,m,f,d,0.9377960375409827
,,0,1970-01-01T00:00:00Z,1970-01-01T20:00:00Z,1970-01-01T06:00:00Z,m,f,e,0.6475730608626048
,,0,1970-01-01T00:00:00Z,1970-01-01T20:00:00Z,1970-01-01T07:00:00Z,m,f,0,0.21986061215505986
,,0,1970-01-01T00:00:00Z,1970-01-01T20:00:00Z,1970-01-01T07:00:00Z,m,f,1,0.5529803705031725
,,0,1970-01-01T00:00:00Z,1970-01-01T20:00:00Z,1970-01-01T07:00:00Z,m,f,2,0.4056447128101891
,,0,1970-01-01T00:00:00Z,1970-01-01T20:00:00Z,1970-01-01T07:00:00Z,m,f,3,0.7495526725250425
,,0,1970-01-01T00:00:00Z,1970-01-01T20:00:00Z,1970-01-01T07:00:00Z,m,f,4,0.3307253038703796
,,0,1970-01-01T00:00:00Z,1970-01-01T20:00:00Z,1970-01-01T07:00:00Z,m,f,5,0.8765816457148139
,,0,1970-01-01T00:00:00Z,1970-01-01T20:00:00Z,1970-01-01T07:00:00Z,m,f,6,0.5002035785134343
,,0,1970-01-01T00:00:00Z,1970-01-01T20:00:00Z,1970-01-01T07:00:00Z,m,f,7,0.06029487514344871
,,0,1970-01-01T00:00:00Z,1970-01-01T20:00:00Z,1970-01-01T07:00:00Z,m,f,8,0.3855789249350206
,,0,1970-01-01T00:00:00Z,1970-01-01T20:00:00Z,1970-01-01T07:00:00Z,m,f,9,0.6066847273352997
,,0,1970-01-01T00:00:00Z,1970-01-01T20:00:00Z,1970-01-01T07:00:00Z,m,f,a,0.948139408805672
,,0,1970-01-01T00:00:00Z,1970-01-01T20:00:00Z,1970-01-01T07:00:00Z,m,f,b,0.7272973541183467
,,0,1970-01-01T00:00:00Z,1970-01-01T20:00:00Z,1970-01-01T07:00:00Z,m,f,c,0.6750988267775251
,,0,1970-01-01T00:00:00Z,1970-01-01T20:00:00Z,1970-01-01T07:00:00Z,m,f,d,0.40660189815460135
,,0,1970-01-01T00:00:00Z,1970-01-01T20:00:00Z,1970-01-01T07:00:00Z,m,f,e,0.6216824549348825
,,0,1970-01-01T00:00:00Z,1970-01-01T20:00:00Z,1970-01-01T08:00:00Z,m,f,0,0.0907298769421454
,,0,1970-01-01T00:00:00Z,1970-01-01T20:00:00Z,1970-01-01T08:00:00Z,m,f,1,0.009199077098825593
,,0,1970-01-01T00:00:00Z,1970-01-01T20:00:00Z,1970-01-01T08:00:00Z,m,f,2,0.27203447958478544
,,0,1970-01-01T00:00:00Z,1970-01-01T20:00:00Z,1970-01-01T08:00:00Z,m,f,3,0.5233257493123831
,,0,1970-01-01T00:00:00Z,1970-01-01T20:00:00Z,1970-01-01T08:00:00Z,m,f,4,0.02929796636308959
,,0,1970-01-01T00:00:00Z,1970-01-01T20:00:00Z,1970-01-01T08:00:00Z,m,f,5,0.9772379021573744
,,0,1970-01-01T00:00:00Z,1970-01-01T20:00:00Z,1970-01-01T08:00:00Z,m,f,6,0.41826650832440254
,,0,1970-01-01T00:00:00Z,1970-01-01T20:00:00Z,1970-01-01T08:00:00Z,m,f,7,0.16453949231071968
,,0,1970-01-01T00:00:00Z,1970-01-01T20:00:00Z,1970-01-01T08:00:00Z,m,f,8,0.2216071788095682
,,0,1970-01-01T00:00:00Z,1970-01-01T20:00:00Z,1970-01-01T08:00:00Z,m,f,9,0.8429138671901002
,,0,1970-01-01T00:00:00Z,1970-01-01T20:00:00Z,1970-01-01T08:00:00Z,m,f,a,0.45088355364579097
,,0,1970-01-01T00:00:00Z,1970-01-01T20:00:00Z,1970-01-01T08:00:00Z,m,f,b,0.766676138932735
,,0,1970-01-01T00:00:00Z,1970-01-01T20:00:00Z,1970-01-01T08:00:00Z,m,f,c,0.2163256777544759
,,0,1970-01-01T00:00:00Z,1970-01-01T20:00:00Z,1970-01-01T08:00:00Z,m,f,d,0.6418448963934529
,,0,1970-01-01T00:00:00Z,1970-01-01T20:00:00Z,1970-01-01T08:00:00Z,m,f,e,0.27183911389963245
,,0,1970-01-01T00:00:00Z,1970-01-01T20:00:00Z,1970-01-01T09:00:00Z,m,f,0,0.7208945307771363
,,0,1970-01-01T00:00:00Z,1970-01-01T20:00:00Z,1970-01-01T09:00:00Z,m,f,1,0.5426405027766874
,,0,1970-01-01T00:00:00Z,1970-01-01T20:00:00Z,1970-01-01T09:00:00Z,m,f,2,0.6863005768373087
,,0,1970-01-01T00:00:00Z,1970-01-01T20:00:00Z,1970-01-01T09:00:00Z,m,f,3,0.3700388322760539
,,0,1970-01-01T00:00:00Z,1970-01-01T20:00:00Z,1970-01-01T09:00:00Z,m,f,4,0.21573350013643244
,,0,1970-01-01T00:00:00Z,1970-01-01T20:00:00Z,1970-01-01T09:00:00Z,m,f,5,0.6528460774657194
,,0,1970-01-01T00:00:00Z,1970-01-01T20:00:00Z,1970-01-01T09:00:00Z,m,f,6,0.4629586954052249
,,0,1970-01-01T00:00:00Z,1970-01-01T20:00:00Z,1970-01-01T09:00:00Z,m,f,7,0.3795084025227939
,,0,1970-01-01T00:00:00Z,1970-01-01T20:00:00Z,1970-01-01T09:00:00Z,m,f,8,0.6403249234603068
,,0,1970-01-01T00:00:00Z,1970-01-01T20:00:00Z,1970-01-01T09:00:00Z,m,f,9,0.8490893464500863
,,0,1970-01-01T00:00:00Z,1970-01-01T20:00:00Z,1970-01-01T09:00:00Z,m,f,a,0.23640739515094722
,,0,1970-01-01T00:00:00Z,1970-01-01T20:00:00Z,1970-01-01T09:00:00Z,m,f,b,0.8258899665003165
,,0,1970-01-01T00:00:00Z,1970-01-01T20:00:00Z,1970-01-01T09:00:00Z,m,f,c,0.4678494665456966
,,0,1970-01-01T00:00:00Z,1970-01-01T20:00:00Z,1970-01-01T09:00:00Z,m,f,d,0.22638563270055048
,,0,1970-01-01T00:00:00Z,1970-01-01T20:00:00Z,1970-01-01T09:00:00Z,m,f,e,0.3393389370975915
,,0,1970-01-01T00:00:00Z,1970-01-01T20:00:00Z,1970-01-01T10:00:00Z,m,f,0,0.9130470282894471
,,0,1970-01-01T00:00:00Z,1970-01-01T20:00:00Z,1970-01-01T10:00:00Z,m,f,1,0.005482451760958202
,,0,1970-01-01T00:00:00Z,1970-01-01T20:00:00Z,1970-01-01T10:00:00Z,m,f,2,0.9352361416481052
,,0,1970-01-01T00:00:00Z,1970-01-01T20:00:00Z,1970-01-01T10:00:00Z,m,f,3,0.9263570753965753
,,0,1970-01-01T00:00:00Z,1970-01-01T20:00:00Z,1970-01-01T10:00:00Z,m,f,4,0.10673849916441244
,,0,1970-01-01T00:00:00Z,1970-01-01T20:00:00Z,1970-01-01T10:00:00Z,m,f,5,0.7732800862476621
,,0,1970-01-01T00:00:00Z,1970-01-01T20:00:00Z,1970-01-01T10:00:00Z,m,f,6,0.38189002120612137
,,0,1970-01-01T00:00:00Z,1970-01-01T20:00:00Z,1970-01-01T10:00:00Z,m,f,7,0.44550763387913267
,,0,1970-01-01T00:00:00Z,1970-01-01T20:00:00Z,1970-01-01T10:00:00Z,m,f,8,0.18748565889882504
,,0,1970-01-01T00:00:00Z,1970-01-01T20:00:00Z,1970-01-01T10:00:00Z,m,f,9,0.47747065113211656
,,0,1970-01-01T00:00:00Z,1970-01-01T20:00:00Z,1970-01-01T10:00:00Z,m,f,a,0.5082077961062511
,,0,1970-01-01T00:00:00Z,1970-01-01T20:00:00Z,1970-01-01T10:00:00Z,m,f,b,0.5445278119832289
,,0,1970-01-01T00:00:00Z,1970-01-01T20:00:00Z,1970-01-01T10:00:00Z,m,f,c,0.8407671301048713
,,0,1970-01-01T00:00:00Z,1970-01-01T20:00:00Z,1970-01-01T10:00:00Z,m,f,d,0.04246345865828958
,,0,1970-01-01T00:00:00Z,1970-01-01T20:00:00Z,1970-01-01T10:00:00Z,m,f,e,0.8605678782466929
,,0,1970-01-01T00:00:00Z,1970-01-01T20:00:00Z,1970-01-01T11:00:00Z,m,f,0,0.02476378337619087
,,0,1970-01-01T00:00:00Z,1970-01-01T20:00:00Z,1970-01-01T11:00:00Z,m,f,1,0.5594551236120602
,,0,1970-01-01T00:00:00Z,1970-01-01T20:00:00Z,1970-01-01T11:00:00Z,m,f,2,0.2612657268562685
,,0,1970-01-01T00:00:00Z,1970-01-01T20:00:00Z,1970-01-01T11:00:00Z,m,f,3,0.5469463981432736
,,0,1970-01-01T00:00:00Z,1970-01-01T20:00:00Z,1970-01-01T11:00:00Z,m,f,4,0.5108251391065338
,,0,1970-01-01T00:00:00Z,1970-01-01T20:00:00Z,1970-01-01T11:00:00Z,m,f,5,0.11414462031703634
,,0,1970-01-01T00:00:00Z,1970-01-01T20:00:00Z,1970-01-01T11:00:00Z,m,f,6,0.9311051563006912
,,0,1970-01-01T00:00:00Z,1970-01-01T20:00:00Z,1970-01-01T11:00:00Z,m,f,7,0.8542467909682937
,,0,1970-01-01T00:00:00Z,1970-01-01T20:00:00Z,1970-01-01T11:00:00Z,m,f,8,0.8432128709032317
,,0,1970-01-01T00:00:00Z,1970-01-01T20:00:00Z,1970-01-01T11:00:00Z,m,f,9,0.997043239913348
,,0,1970-01-01T00:00:00Z,1970-01-01T20:00:00Z,1970-01-01T11:00:00Z,m,f,a,0.5094339152638405
,,0,1970-01-01T00:00:00Z,1970-01-01T20:00:00Z,1970-01-01T11:00:00Z,m,f,b,0.09891923880419343
,,0,1970-01-01T00:00:00Z,1970-01-01T20:00:00Z,1970-01-01T11:00:00Z,m,f,c,0.09370319393019828
,,0,1970-01-01T00:00:00Z,1970-01-01T20:00:00Z,1970-01-01T11:00:00Z,m,f,d,0.3033580585490604
,,0,1970-01-01T00:00:00Z,1970-01-01T20:00:00Z,1970-01-01T11:00:00Z,m,f,e,0.5076134119339493
,,0,1970-01-01T00:00:00Z,1970-01-01T20:00:00Z,1970-01-01T12:00:00Z,m,f,0,0.13312510556994914
,,0,1970-01-01T00:00:00Z,1970-01-01T20:00:00Z,1970-01-01T12:00:00Z,m,f,1,0.006182609438713367
,,0,1970-01-01T00:00:00Z,1970-01-01T20:00:00Z,1970-01-01T12:00:00Z,m,f,2,0.28362172838508554
,,0,1970-01-01T00:00:00Z,1970-01-01T20:00:00Z,1970-01-01T12:00:00Z,m,f,3,0.15614964597809464
,,0,1970-01-01T00:00:00Z,1970-01-01T20:00:00Z,1970-01-01T12:00:00Z,m,f,4,0.5911737807580204
,,0,1970-01-01T00:00:00Z,1970-01-01T20:00:00Z,1970-01-01T12:00:00Z,m,f,5,0.41239639736590594
,,0,1970-01-01T00:00:00Z,1970-01-01T20:00:00Z,1970-01-01T12:00:00Z,m,f,6,0.4077528824688807
,,0,1970-01-01T00:00:00Z,1970-01-01T20:00:00Z,1970-01-01T12:00:00Z,m,f,7,0.5067703112512412
,,0,1970-01-01T00:00:00Z,1970-01-01T20:00:00Z,1970-01-01T12:00:00Z,m,f,8,0.5050059021549667
,,0,1970-01-01T00:00:00Z,1970-01-01T20:00:00Z,1970-01-01T12:00:00Z,m,f,9,0.10030053917407039
,,0,1970-01-01T00:00:00Z,1970-01-01T20:00:00Z,1970-01-01T12:00:00Z,m,f,a,0.9283528414077525
,,0,1970-01-01T00:00:00Z,1970-01-01T20:00:00Z,1970-01-01T12:00:00Z,m,f,b,0.4059069835144813
,,0,1970-01-01T00:00:00Z,1970-01-01T20:00:00Z,1970-01-01T12:00:00Z,m,f,c,0.5200235103817807
,,0,1970-01-01T00:00:00Z,1970-01-01T20:00:00Z,1970-01-01T12:00:00Z,m,f,d,0.3606400845819304
,,0,1970-01-01T00:00:00Z,1970-01-01T20:00:00Z,1970-01-01T12:00:00Z,m,f,e,0.8827630475058653
,,0,1970-01-01T00:00:00Z,1970-01-01T20:00:00Z,1970-01-01T13:00:00Z,m,f,0,0.17315362737818746
,,0,1970-01-01T00:00:00Z,1970-01-01T20:00:00Z,1970-01-01T13:00:00Z,m,f,1,0.8341607608893281
,,0,1970-01-01T00:00:00Z,1970-01-01T20:00:00Z,1970-01-01T13:00:00Z,m,f,2,0.33858487626528677
,,0,1970-01-01T00:00:00Z,1970-01-01T20:00:00Z,1970-01-01T13:00:00Z,m,f,3,0.09127483576502529
,,0,1970-01-01T00:00:00Z,1970-01-01T20:00:00Z,1970-01-01T13:00:00Z,m,f,4,0.16111466740150798
,,0,1970-01-01T00:00:00Z,1970-01-01T20:00:00Z,1970-01-01T13:00:00Z,m,f,5,0.3630486942096741
,,0,1970-01-01T00:00:00Z,1970-01-01T20:00:00Z,1970-01-01T13:00:00Z,m,f,6,0.5823969161042257
,,0,1970-01-01T00:00:00Z,1970-01-01T20:00:00Z,1970-01-01T13:00:00Z,m,f,7,0.662919649269996
,,0,1970-01-01T00:00:00Z,1970-01-01T20:00:00Z,1970-01-01T13:00:00Z,m,f,8,0.0004934507825015453
,,0,1970-01-01T00:00:00Z,1970-01-01T20:00:00Z,1970-01-01T13:00:00Z,m,f,9,0.3788363260130549
,,0,1970-01-01T00:00:00Z,1970-01-01T20:00:00Z,1970-01-01T13:00:00Z,m,f,a,0.829160720751572
,,0,1970-01-01T00:00:00Z,1970-01-01T20:00:00Z,1970-01-01T13:00:00Z,m,f,b,0.9997716840516996
,,0,1970-01-01T00:00:00Z,1970-01-01T20:00:00Z,1970-01-01T13:00:00Z,m,f,c,0.27733356779933477
,,0,1970-01-01T00:00:00Z,1970-01-01T20:00:00Z,1970-01-01T13:00:00Z,m,f,d,0.5484444695872086
,,0,1970-01-01T00:00:00Z,1970-01-01T20:00:00Z,1970-01-01T13:00:00Z,m,f,e,0.7992479850330357
,,0,1970-01-01T00:00:00Z,1970-01-01T20:00:00Z,1970-01-01T14:00:00Z,m,f,0,0.45908681393043427
,,0,1970-01-01T00:00:00Z,1970-01-01T20:00:00Z,1970-01-01T14:00:00Z,m,f,1,0.9107430183274667
,,0,1970-01-01T00:00:00Z,1970-01-01T20:00:00Z,1970-01-01T14:00:00Z,m,f,2,0.09062800136262025
,,0,1970-01-01T00:00:00Z,1970-01-01T20:00:00Z,1970-01-01T14:00:00Z,m,f,3,0.8199493587763543
,,0,1970-01-01T00:00:00Z,1970-01-01T20:00:00Z,1970-01-01T14:00:00Z,m,f,4,0.22628111337563842
,,0,1970-01-01T00:00:00Z,1970-01-01T20:00:00Z,1970-01-01T14:00:00Z,m,f,5,0.020129679797438384
,,0,1970-01-01T00:00:00Z,1970-01-01T20:00:00Z,1970-01-01T14:00:00Z,m,f,6,0.8484001380677529
,,0,1970-01-01T00:00:00Z,1970-01-01T20:00:00Z,1970-01-01T14:00:00Z,m,f,7,0.9058541918077305
,,0,1970-01-01T00:00:00Z,1970-01-01T20:00:00Z,1970-01-01T14:00:00Z,m,f,8,0.8125890373769874
,,0,1970-01-01T00:00:00Z,1970-01-01T20:00:00Z,1970-01-01T14:00:00Z,m,f,9,0.19650920476822048
,,0,1970-01-01T00:00:00Z,1970-01-01T20:00:00Z,1970-01-01T14:00:00Z,m,f,a,0.6335937239644011
,,0,1970-01-01T00:00:00Z,1970-01-01T20:00:00Z,1970-01-01T14:00:00Z,m,f,b,0.18419042202127972
,,0,1970-01-01T00:00:00Z,1970-01-01T20:00:00Z,1970-01-01T14:00:00Z,m,f,c,0.6179433592828639
,,0,1970-01-01T00:00:00Z,1970-01-01T20:00:00Z,1970-01-01T14:00:00Z,m,f,d,0.20262974373606255
,,0,1970-01-01T00:00:00Z,1970-01-01T20:00:00Z,1970-01-01T14:00:00Z,m,f,e,0.8278070297351473
,,0,1970-01-01T00:00:00Z,1970-01-01T20:00:00Z,1970-01-01T15:00:00Z,m,f,0,0.08234143157238412
,,0,1970-01-01T00:00:00Z,1970-01-01T20:00:00Z,1970-01-01T15:00:00Z,m,f,1,0.7112680804422162
,,0,1970-01-01T00:00:00Z,1970-01-01T20:00:00Z,1970-01-01T15:00:00Z,m,f,2,0.8205583555479901
,,0,1970-01-01T00:00:00Z,1970-01-01T20:00:00Z,1970-01-01T15:00:00Z,m,f,3,0.0011982116611157327
,,0,1970-01-01T00:00:00Z,1970-01-01T20:00:00Z,1970-01-01T15:00:00Z,m,f,4,0.7614110616208368
,,0,1970-01-01T00:00:00Z,1970-01-01T20:00:00Z,1970-01-01T15:00:00Z,m,f,5,0.6879015422635447
,,0,1970-01-01T00:00:00Z,1970-01-01T20:00:00Z,1970-01-01T15:00:00Z,m,f,6,0.9368300335670691
,,0,1970-01-01T00:00:00Z,1970-01-01T20:00:00Z,1970-01-01T15:00:00Z,m,f,7,0.13893587129738563
,,0,1970-01-01T00:00:00Z,1970-01-01T20:00:00Z,1970-01-01T15:00:00Z,m,f,8,0.3922502159347484
,,0,1970-01-01T00:00:00Z,1970-01-01T20:00:00Z,1970-01-01T15:00:00Z,m,f,9,0.8830465583439316
,,0,1970-01-01T00:00:00Z,1970-01-01T20:00:00Z,1970-01-01T15:00:00Z,m,f,a,0.8037362764578557
,,0,1970-01-01T00:00:00Z,1970-01-01T20:00:00Z,1970-01-01T15:00:00Z,m,f,b,0.12695338072308496
,,0,1970-01-01T00:00:00Z,1970-01-01T20:00:00Z,1970-01-01T15:00:00Z,m,f,c,0.8680762225525307
,,0,1970-01-01T00:00:00Z,1970-01-01T20:00:00Z,1970-01-01T15:00:00Z,m,f,d,0.9897032136533674
,,0,1970-01-01T00:00:00Z,1970-01-01T20:00:00Z,1970-01-01T15:00:00Z,m,f,e,0.17888223598147093
,,0,1970-01-01T00:00:00Z,1970-01-01T20:00:00Z,1970-01-01T16:00:00Z,m,f,0,0.1013840652204571
,,0,1970-01-01T00:00:00Z,1970-01-01T20:00:00Z,1970-01-01T16:00:00Z,m,f,1,0.25696415879529344
,,0,1970-01-01T00:00:00Z,1970-01-01T20:00:00Z,1970-01-01T16:00:00Z,m,f,2,0.38704793349998695
,,0,1970-01-01T00:00:00Z,1970-01-01T20:00:00Z,1970-01-01T16:00:00Z,m,f,3,0.7362216121847928
,,0,1970-01-01T00:00:00Z,1970-01-01T20:00:00Z,1970-01-01T16:00:00Z,m,f,4,0.7517697180630896
,,0,1970-01-01T00:00:00Z,1970-01-01T20:00:00Z,1970-01-01T16:00:00Z,m,f,5,0.987934835226986
,,0,1970-01-01T00:00:00Z,1970-01-01T20:00:00Z,1970-01-01T16:00:00Z,m,f,6,0.03132570178614349
,,0,1970-01-01T00:00:00Z,1970-01-01T20:00:00Z,1970-01-01T16:00:00Z,m,f,7,0.6202815537019923
,,0,1970-01-01T00:00:00Z,1970-01-01T20:00:00Z,1970-01-01T16:00:00Z,m,f,8,0.3135032731956504
,,0,1970-01-01T00:00:00Z,1970-01-01T20:00:00Z,1970-01-01T16:00:00Z,m,f,9,0.1693936134622213
,,0,1970-01-01T00:00:00Z,1970-01-01T20:00:00Z,1970-01-01T16:00:00Z,m,f,a,0.3785846713372791
,,0,1970-01-01T00:00:00Z,1970-01-01T20:00:00Z,1970-01-01T16:00:00Z,m,f,b,0.20769376505845222
,,0,1970-01-01T00:00:00Z,1970-01-01T20:00:00Z,1970-01-01T16:00:00Z,m,f,c,0.6452925419922062
,,0,1970-01-01T00:00:00Z,1970-01-01T20:00:00Z,1970-01-01T16:00:00Z,m,f,d,0.3704135524384041
,,0,1970-01-01T00:00:00Z,1970-01-01T20:00:00Z,1970-01-01T16:00:00Z,m,f,e,0.35012407803555445
,,0,1970-01-01T00:00:00Z,1970-01-01T20:00:00Z,1970-01-01T17:00:00Z,m,f,0,0.3078385833778812
,,0,1970-01-01T00:00:00Z,1970-01-01T20:00:00Z,1970-01-01T17:00:00Z,m,f,1,0.9798263993816524
,,0,1970-01-01T00:00:00Z,1970-01-01T20:00:00Z,1970-01-01T17:00:00Z,m,f,2,0.6974117602948339
,,0,1970-01-01T00:00:00Z,1970-01-01T20:00:00Z,1970-01-01T17:00:00Z,m,f,3,0.46561108873237456
,,0,1970-01-01T00:00:00Z,1970-01-01T20:00:00Z,1970-01-01T17:00:00Z,m,f,4,0.8058577671066205
,,0,1970-01-01T00:00:00Z,1970-01-01T20:00:00Z,1970-01-01T17:00:00Z,m,f,5,0.4433299827722965
,,0,1970-01-01T00:00:00Z,1970-01-01T20:00:00Z,1970-01-01T17:00:00Z,m,f,6,0.4930774855937972
,,0,1970-01-01T00:00:00Z,1970-01-01T20:00:00Z,1970-01-01T17:00:00Z,m,f,7,0.6051095083089424
,,0,1970-01-01T00:00:00Z,1970-01-01T20:00:00Z,1970-01-01T17:00:00Z,m,f,8,0.6644669970282284
,,0,1970-01-01T00:00:00Z,1970-01-01T20:00:00Z,1970-01-01T17:00:00Z,m,f,9,0.11153837227146354
,,0,1970-01-01T00:00:00Z,1970-01-01T20:00:00Z,1970-01-01T17:00:00Z,m,f,a,0.11614255063458326
,,0,1970-01-01T00:00:00Z,1970-01-01T20:00:00Z,1970-01-01T17:00:00Z,m,f,b,0.6242757384432126
,,0,1970-01-01T00:00:00Z,1970-01-01T20:00:00Z,1970-01-01T17:00:00Z,m,f,c,0.8806780021931571
,,0,1970-01-01T00:00:00Z,1970-01-01T20:00:00Z,1970-01-01T17:00:00Z,m,f,d,0.47098365538953774
,,0,1970-01-01T00:00:00Z,1970-01-01T20:00:00Z,1970-01-01T17:00:00Z,m,f,e,0.8783147240553395
,,0,1970-01-01T00:00:00Z,1970-01-01T20:00:00Z,1970-01-01T18:00:00Z,m,f,0,0.3207827229335323
,,0,1970-01-01T00:00:00Z,1970-01-01T20:00:00Z,1970-01-01T18:00:00Z,m,f,1,0.9977554190460473
,,0,1970-01-01T00:00:00Z,1970-01-01T20:00:00Z,1970-01-01T18:00:00Z,m,f,2,0.4075541112540537
,,0,1970-01-01T00:00:00Z,1970-01-01T20:00:00Z,1970-01-01T18:00:00Z,m,f,3,0.9709460838028852
,,0,1970-01-01T00:00:00Z,1970-01-01T20:00:00Z,1970-01-01T18:00:00Z,m,f,4,0.7081793115526421
,,0,1970-01-01T00:00:00Z,1970-01-01T20:00:00Z,1970-01-01T18:00:00Z,m,f,5,0.884386191952016
,,0,1970-01-01T00:00:00Z,1970-01-01T20:00:00Z,1970-01-01T18:00:00Z,m,f,6,0.5610287657625913
,,0,1970-01-01T00:00:00Z,1970-01-01T20:00:00Z,1970-01-01T18:00:00Z,m,f,7,0.2517663720590394
,,0,1970-01-01T00:00:00Z,1970-01-01T20:00:00Z,1970-01-01T18:00:00Z,m,f,8,0.6032870975820657
,,0,1970-01-01T00:00:00Z,1970-01-01T20:00:00Z,1970-01-01T18:00:00Z,m,f,9,0.9267273808810376
,,0,1970-01-01T00:00:00Z,1970-01-01T20:00:00Z,1970-01-01T18:00:00Z,m,f,a,0.856212513932415
,,0,1970-01-01T00:00:00Z,1970-01-01T20:00:00Z,1970-01-01T18:00:00Z,m,f,b,0.33621347339994
,,0,1970-01-01T00:00:00Z,1970-01-01T20:00:00Z,1970-01-01T18:00:00Z,m,f,c,0.3552850351652565
,,0,1970-01-01T00:00:00Z,1970-01-01T20:00:00Z,1970-01-01T18:00:00Z,m,f,d,0.4494283946817907
,,0,1970-01-01T00:00:00Z,1970-01-01T20:00:00Z,1970-01-01T18:00:00Z,m,f,e,0.9278878986389263
,,0,1970-01-01T00:00:00Z,1970-01-01T20:00:00Z,1970-01-01T19:00:00Z,m,f,0,0.7687998109245243
,,0,1970-01-01T00:00:00Z,1970-01-01T20:00:00Z,1970-01-01T19:00:00Z,m,f,1,0.6206863800401832
,,0,1970-01-01T00:00:00Z,1970-01-01T20:00:00Z,1970-01-01T19:00:00Z,m,f,2,0.22594531463080716
,,0,1970-01-01T00:00:00Z,1970-01-01T20:00:00Z,1970-01-01T19:00:00Z,m,f,3,0.606806186002551
,,0,1970-01-01T00:00:00Z,1970-01-01T20:00:00Z,1970-01-01T19:00:00Z,m,f,4,0.2640451459688073
,,0,1970-01-01T00:00:00Z,1970-01-01T20:00:00Z,1970-01-01T19:00:00Z,m,f,5,0.7071751663996978
,,0,1970-01-01T00:00:00Z,1970-01-01T20:00:00Z,1970-01-01T19:00:00Z,m,f,6,0.6029486777052989
,,0,1970-01-01T00:00:00Z,1970-01-01T20:00:00Z,1970-01-01T19:00:00Z,m,f,7,0.7935527664465151
,,0,1970-01-01T00:00:00Z,1970-01-01T20:00:00Z,1970-01-01T19:00:00Z,m,f,8,0.5687935359448049
,,0,1970-01-01T00:00:00Z,1970-01-01T20:00:00Z,1970-01-01T19:00:00Z,m,f,9,0.20052109487617456
,,0,1970-01-01T00:00:00Z,1970-01-01T20:00:00Z,1970-01-01T19:00:00Z,m,f,a,0.5153794484265933
,,0,1970-01-01T00:00:00Z,1970-01-01T20:00:00Z,1970-01-01T19:00:00Z,m,f,b,0.07754590624085819
,,0,1970-01-01T00:00:00Z,1970-01-01T20:00:00Z,1970-01-01T19:00:00Z,m,f,c,0.78248027092909
,,0,1970-01-01T00:00:00Z,1970-01-01T20:00:00Z,1970-01-01T19:00:00Z,m,f,d,0.35741302359108984
,,0,1970-01-01T00:00:00Z,1970-01-01T20:00:00Z,1970-01-01T19:00:00Z,m,f,e,0.2591667706426981